timestamp,latency_sum,latency_count,latency_p95,latency_p99,error_rate,error_count,active_requests,memory_bytes,heap_used_bytes,heap_total_bytes,cpu_usage,event_loop_lag_sec,avg_latency_ms,heap_utilization,memory_growth_rate,cpu_x_latency,latency_spike,memory_leak_flag,service,fault_type,is_anomaly
2026-03-11 19:58:00,8876,1426,8.770833333333332,9.754166666666666,0,1,1,12263424,15370168,16855040,0.0053457627118642,0.0049405,6.224403927068724,0.9119033832017011,,0.03327418641690508,0,0,order-service,normal,0
2026-03-11 19:58:05,8879,1427,8.770833333333332,9.754166666666666,0,1,1,12349440,14781640,16855040,0.0053999999999997,0.0026174,6.222144358794674,0.8769863494835966,,0.03359957953748938,0,0,order-service,normal,0
2026-03-11 19:58:10,8883,1428,8.77083333333333,9.754166666666666,0,1,1,12374016,15079648,16855040,0.0054003661265168,0.0042641,6.220588235294118,0.894666995747266,,0.03359345399289127,0,0,order-service,normal,0
2026-03-11 19:58:15,8889,1429,8.865384615384615,9.773076923076925,0,1,1,12402688,15377640,16855040,0.0056135593220337,0.0055308,6.220433869839049,0.9123466927399757,,0.03491877453712915,0,0,order-service,normal,0
2026-03-11 19:58:20,8894,1430,8.865384615384615,9.773076923076925,0,1,1,12423168,14790248,16855040,0.0056677966101692,0.0041554,6.21958041958042,0.8774970572600242,,0.03525131681877263,0,0,order-service,normal,0
2026-03-11 19:58:25,8900,1431,8.946428571428571,9.789285714285716,0,1,1,12451840,15088176,16855040,0.0053491525423726,0.0060474,6.219426974143955,0.8951729571688943,,0.033268663610842866,0,1,order-service,normal,0
2026-03-11 19:58:30,8905,1432,8.946428571428571,9.789285714285716,0,1,1,12455936,15386048,16855040,0.0054033898305082,0.0044096,6.218575418994414,0.9128455346294047,,0.03360138717924269,0,1,order-service,normal,0
2026-03-11 19:58:35,8908,1433,8.865384615384615,9.773076923076925,0,1,1,12496896,14800736,16855040,0.0053525423728811,0.0027701,6.216329378925331,0.8781193043742406,,0.03327316640448349,0,1,order-service,normal,0
2026-03-11 19:58:40,8911,1434,8.770833333333332,9.754166666666666,0,1,1,12509184,15098880,16855040,0.005301694915254,0.0027814,6.214086471408647,0.8958080194410692,,0.0329451906484159,0,1,order-service,normal,0
2026-03-11 19:58:45,8921,1435,8.865384615384615,9.773076923076925,0,1,1,16986112,15410360,16855040,0.005294915254237,0.0101215,6.216724738675958,0.914287951852977,,0.03291703065020786,0,1,order-service,normal,0
2026-03-11 19:58:50,8924,1436,8.770833333333332,9.754166666666666,0,1,1,17068032,14814672,16855040,0.0051898305084743,0.0038496,6.2144846796657385,0.878946119380316,,0.03225212218497539,0,1,order-service,normal,0
2026-03-11 19:58:55,8928,1437,8.770833333333332,9.754166666666666,0,1,1,17076224,15112632,16855040,0.0052406779661015,0.0039353,6.21294363256785,0.8966239178311057,,0.03256003679982895,0,1,order-service,normal,0
2026-03-11 19:59:00,8932,1438,8.770833333333332,9.754166666666666,0,1,1,17084416,15410424,16855040,0.0051355932203387,0.0040087,6.2114047287899865,0.9142917489368165,,0.0318992480139536,0,1,order-service,normal,0
2026-03-11 19:59:05,8935,1439,8.659090909090908,9.73181818181818,0,1,1,17235968,14832848,16855040,0.0051389830508472,0.0027954,6.209173036831133,0.8800244911907655,,0.03190883499605263,0,1,order-service,normal,0
2026-03-11 19:59:10,8938,1440,8.659090909090908,9.73181818181818,0,1,1,17244160,15131144,16855040,0.0052983050847455,0.0026345,6.206944444444445,0.8977222243317132,,0.032886285310732837,0,1,order-service,normal,0
2026-03-11 19:59:15,8942,1441,8.659090909090908,9.73181818181818,0,1,1,17256448,15429080,16855040,0.0051898305084744,0.0040735,6.205412907702984,0.9153985988760632,,0.032205041226077785,0,1,order-service,normal,0
2026-03-11 19:59:20,8945,1442,8.659090909090908,9.73181818181818,0,1,1,17289216,14836904,16855040,0.0050847457627116,0.0028915,6.203190013869626,0.8802651313791009,,0.03154164413831849,0,1,order-service,normal,0
2026-03-11 19:59:25,8947,1443,8.659090909090908,9.73181818181818,0,1,1,17305600,15134952,16855040,0.0051898305084744,0.0019658,6.2002772002772,0.8979481508201701,,0.03217838777499685,0,1,order-service,normal,0
2026-03-11 19:59:30,8951,1444,8.659090909090908,9.73181818181818,0,1,1,17186816,15432136,16855040,0.0050305084745761,0.0043848,6.198753462603878,0.9155799096294046,,0.031182881825436753,0,0,order-service,normal,0
2026-03-11 19:59:35,8955,1445,8.659090909090908,9.73181818181818,0,1,1,17055744,14819008,16855040,0.0050338983050845,0.0033454,6.197231833910035,0.8792033718104496,,0.031196234824935432,0,0,order-service,normal,0
2026-03-11 19:59:40,8961,1446,8.770833333333332,9.754166666666666,0,1,1,13594624,15117072,16855040,0.0051898305084744,0.0067033,6.1970954356846475,0.8968873405224788,,0.03216187495604364,0,0,order-service,normal,0
2026-03-11 19:59:45,8964,1447,8.659090909090908,9.73181818181818,0,1,1,11137024,15413200,16855040,0.0051932203389828,0.0033697,6.19488597097443,0.9144564474483596,,0.03217140782214362,0,0,order-service,normal,0
2026-03-11 19:59:50,8968,1448,8.659090909090908,9.73181818181818,0,1,1,10244096,14824024,16855040,0.0049796610169489,0.0044062,6.193370165745856,0.8795009682563791,,0.03084088397789899,0,0,order-service,normal,0
2026-03-11 19:59:55,8998,1449,9.113636363636363,35.24999999999999,0,1,1,10555392,15121016,16855040,0.0049796610169489,0.0308083,6.209799861973775,0.8971213358140948,,0.03092269829572547,0,0,order-service,normal,0
2026-03-11 20:00:00,9006,1450,9.1875,35.24999999999999,0,1,1,10907648,15418984,16855040,0.0049796610169489,0.008356,6.21103448275862,0.9147996089003645,,0.03092884628871848,0,0,order-service,normal,0
2026-03-11 20:00:05,9010,1451,9.1875,35.24999999999999,0,1,1,11300864,14834152,16855040,0.0049254237288134,0.0039558,6.2095106822880775,0.8801018567739975,,0.030584471258861982,0,0,order-service,normal,0
2026-03-11 20:00:10,9018,1452,9.25,35.24999999999999,0,1,1,11485184,15131728,16855040,0.0048203389830506,0.0081441,6.210743801652892,0.8977568727217496,,0.02993789046084732,0,0,order-service,normal,0
2026-03-11 20:00:15,9023,1453,9.1875,35.24999999999999,0,1,1,11636736,15429792,16855040,0.0048745762711862,0.0048571,6.2099105299380595,0.9154408414337789,,0.030270682515425383,0,1,order-service,normal,0
2026-03-11 20:00:20,9026,1454,9.1875,35.24999999999999,0,1,1,11558912,14841320,16855040,0.0048745762711862,0.003061,6.207702888583219,0.880527130164034,,0.030259921199261786,0,0,order-service,normal,0
2026-03-11 20:00:25,9032,1455,9.1875,35.24999999999999,0,1,1,11640832,15138792,16855040,0.0049796610169489,0.0064369,6.207560137457045,0.8981759758505468,,0.030911545226860803,0,0,order-service,normal,0
2026-03-11 20:00:30,9034,1456,9.1875,35.24999999999999,0,1,1,11657216,15436880,16855040,0.0049796610169489,0.0028971,6.204670329670329,0.9158613684690158,,0.03089715496367882,0,0,order-service,normal,0
2026-03-11 20:00:35,9038,1457,9.1875,35.24999999999999,0,1,1,11739136,14848880,16855040,0.0049254237288134,0.0049295,6.2031571722717915,0.8809756606925881,,0.030553177529866516,0,0,order-service,normal,0
2026-03-11 20:00:40,9045,1458,9.25,35.24999999999999,0,1,1,11780096,15146784,16855040,0.0048711864406778,0.0068029,6.203703703703703,0.8986501366950183,,0.03021939736346413,0,0,order-service,normal,0
2026-03-11 20:00:45,9049,1459,9.25,35.24999999999999,0,1,1,11804672,15444744,16855040,0.0048169491525422,0.0045981,6.202193283070597,0.916327935145808,,0.029875649678789837,0,1,order-service,normal,0
2026-03-11 20:00:50,9051,1460,9.25,35.24999999999999,0,1,1,11743232,14875960,16855040,0.0048169491525422,0.002279,6.199315068493151,0.8825823017922235,,0.029861785465520176,0,0,order-service,normal,0
2026-03-11 20:00:55,9055,1461,9.25,35.24999999999999,0,1,1,11804672,15173408,16855040,0.0048203389830506,0.0037485,6.197809719370294,0.9002297235722965,,0.029875543799810528,0,0,order-service,normal,0
2026-03-11 20:01:00,9059,1462,9.25,35.24999999999999,0,1,1,11821056,15470472,16855040,0.0048203389830506,0.004068,6.196306429548564,0.9178543628493318,,0.029868297433280015,0,0,order-service,normal,0
2026-03-11 20:01:05,9062,1463,9.25,35.24999999999999,0,1,1,11894784,14883824,16855040,0.0046610169491523,0.0026786,6.194121667805878,0.8830488684690158,,0.02887090607875471,0,0,order-service,normal,0
2026-03-11 20:01:10,9065,1464,9.25,35.24999999999999,0,1,1,11931648,15180904,16855040,0.0045559322033896,0.0030641,6.191939890710382,0.900674457017011,,0.028210058349540112,0,0,order-service,normal,0
2026-03-11 20:01:15,9068,1465,9.25,35.24999999999999,0,1,1,11956224,15478368,16855040,0.0045559322033896,0.0030656,6.189761092150171,0.9183228280680438,,0.028200131891014942,0,1,order-service,normal,0
2026-03-11 20:01:20,9075,1466,9.303571428571429,35.24999999999999,0,1,1,12038144,14891232,16855040,0.0045559322033896,0.0067859,6.1903137789904505,0.8834883809234508,,0.028202649894788965,0,1,order-service,normal,0
2026-03-11 20:01:25,9079,1467,9.303571428571429,35.24999999999999,0,1,1,12066816,15189296,16855040,0.0043966101694913,0.0036328,6.188820722563054,0.90117234963548,,0.027209832125979216,0,1,order-service,normal,0
2026-03-11 20:01:30,9082,1468,9.303571428571429,35.24999999999999,0,1,1,12083200,15486592,16855040,0.0043966101694913,0.0023733,6.186648501362398,0.9188107533414338,,0.02720028171615803,0,1,order-service,normal,0
2026-03-11 20:01:35,9088,1469,9.349999999999998,35.24999999999999,0,1,1,12115968,14878808,16855040,0.0043966101694913,0.0058485,6.186521443158611,0.8827512720230862,,0.027199723090767142,0,1,order-service,normal,0
2026-03-11 20:01:40,9092,1470,9.349999999999998,35.24999999999999,0,1,1,11927552,15176784,16855040,0.0045525423728812,0.0037139,6.185034013605442,0.9004300197448359,,0.02815762942465025,0,0,order-service,normal,0
2026-03-11 20:01:45,9098,1471,9.390625,35.24999999999999,0,1,1,11980800,15474752,16855040,0.0044508474576269,0.006187,6.184908225696805,0.9181082928311057,,0.027528083051998328,0,0,order-service,normal,0
2026-03-11 20:01:50,9104,1472,9.426470588235292,35.24999999999999,0,1,1,12038144,14906464,16855040,0.0043966101694913,0.0054152,6.184782608695652,0.8843920868772782,,0.027192078113484237,0,0,order-service,normal,0
2026-03-11 20:01:55,9107,1473,9.426470588235292,35.24999999999999,0,1,1,12066816,15204520,16855040,0.0043966101694913,0.0039305,6.182620502376103,0.9020755809538274,,0.027182572174852187,0,0,order-service,normal,0
2026-03-11 20:02:00,9113,1474,9.458333333333332,35.24999999999999,0,1,1,12099584,15502424,16855040,0.0044508474576269,0.0053962,6.1824966078697425,0.9197500569562576,,0.027517349308923977,0,0,order-service,normal,0
2026-03-11 20:02:05,9119,1475,9.486842105263158,35.24999999999999,0,1,1,12156928,14914864,16855040,0.0043999999999998,0.00572,6.182372881355932,0.8848904541312272,,0.027202440677964866,0,1,order-service,normal,0
2026-03-11 20:02:10,9120,1476,9.486842105263158,35.24999999999999,0,1,1,12173312,15212728,16855040,0.0043457627118642,0.0012251,6.178861788617886,0.9025625569562576,,0.026851867162738144,0,1,order-service,normal,0
2026-03-11 20:02:15,9125,1477,9.486842105263158,35.24999999999999,0,1,1,12193792,15510688,16855040,0.0041864406779659,0.004642,6.178063642518619,0.9202403554070474,,0.025864096944102122,0,1,order-service,normal,0
2026-03-11 20:02:20,9129,1478,9.458333333333332,35.24999999999999,0,1,1,12226560,14923296,16855040,0.0040813559322032,0.0042906,6.1765899864682,0.885390719927096,,0.025208862182058873,0,1,order-service,normal,0
2026-03-11 20:02:25,9134,1479,9.458333333333332,35.24999999999999,0,1,1,12259328,15220880,16855040,0.0041288135593219,0.0050379,6.17579445571332,0.9030462105103281,,0.025498703888334168,0,1,order-service,normal,0
2026-03-11 20:02:30,9137,1480,9.426470588235292,35.24999999999999,0,1,1,12288000,15518896,16855040,0.0038644067796608,0.0027042,6.173648648648649,0.9207273314094775,,0.023857489693081574,0,1,order-service,normal,0
2026-03-11 20:02:35,9141,1481,9.426470588235292,35.24999999999999,0,1,1,12206080,14934712,16855040,0.0038677966101693,0.0039612,6.172180958811614,0.8860680247569866,,0.02387274058984306,0,0,order-service,normal,0
2026-03-11 20:02:40,9143,1482,9.390624999999998,35.249999999999915,0,1,1,11792384,15231672,16855040,0.0037626863546686,0.0022723,6.169365721997301,0.9036864937727825,,0.02321338821911944,0,0,order-service,normal,0
2026-03-11 20:02:45,9147,1483,9.349999999999998,35.24999999999999,0,1,1,11874304,15529320,16855040,0.0036576271186439,0.0040437,6.167902899527983,0.9213457814398542,,0.022559888910475893,0,0,order-service,normal,0
2026-03-11 20:02:50,9150,1484,9.303571428571429,35.24999999999999,0,1,1,10842112,14941192,16855040,0.0036033898305083,0.0030581,6.165768194070081,0.8864524794957472,,0.022217666407783655,0,0,order-service,normal,0
2026-03-11 20:02:55,9156,1485,9.349999999999998,35.24999999999999,0,1,1,11206656,15238408,16855040,0.0034983050847456,0.0056107,6.165656565656565,0.9040861368469015,,0.021569347714431458,0,0,order-service,normal,0
2026-03-11 20:03:00,9159,1486,9.349999999999998,35.24999999999999,0,1,1,11542528,15535680,16855040,0.0034949152542371,0.0033931,6.163526244952894,0.9217231166464156,,0.02154100189337658,0,0,order-service,normal,0
2026-03-11 20:03:05,9163,1487,9.349999999999998,35.24999999999999,0,1,1,11997184,14950504,16855040,0.0035491525423727,0.0040424,6.162071284465367,0.8870049551944107,,0.021870130965542064,0,0,order-service,normal,0
2026-03-11 20:03:10,9169,1488,9.349999999999998,35.24999999999999,0,1,1,12062720,15247728,16855040,0.0032847457627117,0.0063764,6.161962365591398,0.9046390871810449,,0.02024047977036531,0,0,order-service,normal,0
2026-03-11 20:03:15,9175,1489,9.390625,35.24999999999999,0,1,1,12095488,15545656,16855040,0.00344406779661,0.0053207,6.161853593015446,0.922314987089915,,0.02122184152713012,0,1,order-service,normal,0
2026-03-11 20:03:20,9181,1490,9.390625,35.24999999999999,0,1,1,12013568,14931224,16855040,0.0035491525423727,0.0057484,6.161744966442953,0.8858610836877279,,0.021868972813103193,0,0,order-service,normal,0
2026-03-11 20:03:25,9187,1491,9.426470588235292,35.24999999999999,0,1,1,11956224,15229136,16855040,0.0034949152542371,0.0059491,6.161636485580147,0.9035360343256379,,0.021534397344517932,0,0,order-service,normal,0
2026-03-11 20:03:30,9190,1492,9.426470588235292,35.24999999999999,0,1,1,11997184,15526592,16855040,0.0035999999999998,0.0035602,6.159517426273458,0.9211839307411908,,0.022174262734583217,0,0,order-service,normal,0
2026-03-11 20:03:35,9195,1493,9.426470588235292,35.24999999999999,0,1,1,11530240,14938872,16855040,0.0035457627118642,0.0057788,6.15874079035499,0.8863148352065614,,0.021837433446477778,0,0,order-service,normal,0
2026-03-11 20:03:40,9201,1494,9.426470588235292,35.24999999999999,0,1,1,10973184,15236672,16855040,0.0034983050847456,0.0056006,6.158634538152611,0.9039831409477521,,0.02154478251990915,0,0,order-service,normal,0
2026-03-11 20:03:45,9206,1495,9.426470588235292,35.24999999999999,0,1,1,9715712,15533088,16855040,0.0036033898305083,0.0053145,6.1578595317725755,0.9215693347509113,,0.0221891684144879,0,0,order-service,normal,0
2026-03-11 20:03:50,9211,1496,9.426470588235295,35.25000000000014,0,1,1,10874880,14966544,16855040,0.0034982576507435,0.0044534,6.157085561497326,0.8879565993317132,,0.021539071671790363,0,0,order-service,normal,0
2026-03-11 20:03:55,9223,1497,9.720588235294116,35.249999999999986,0,1,1,10768384,15263792,16855040,0.0035489600564035,0.0126304,6.160988643954576,0.9055921552247873,,0.02186510260535035,0,0,order-service,normal,0
2026-03-11 20:04:00,9240,1498,10.374999999999934,35.24999999999999,0,1,1,9682944,15561152,16855040,0.0033864406779659,0.0161354,6.168224299065421,0.9232343560145808,,0.02088832567717284,0,0,order-service,normal,0
2026-03-11 20:04:05,9243,1499,10.374999999999934,35.24999999999999,0,1,1,10817536,14952880,16855040,0.0033355932203388,0.0027723,6.166110740493663,0.8871459219319563,,0.02056763718184892,0,0,order-service,normal,0
2026-03-11 20:04:10,9247,1500,10.374999999999934,35.24999999999999,0,1,1,9494528,15250088,16855040,0.0033355932203388,0.0039369,6.164666666666666,0.9047791046476307,,0.02056282033898192,0,0,order-service,normal,0
2026-03-11 20:04:15,9252,1501,10.374999999999934,35.24999999999999,0,1,1,7983104,15547216,16855040,0.0033898305084744,0.0052097,6.1638907395069955,0.9224075410085054,,0.020894544879683643,0,0,order-service,normal,0
2026-03-11 20:04:20,9268,1502,15.24999999999997,35.24999999999999,0,1,1,10436608,14981696,16855040,0.0033355932203388,0.0164401,6.170439414114514,0.8888555589307412,,0.020582075876231693,0,0,order-service,normal,0
2026-03-11 20:04:25,9273,1503,15.24999999999997,35.24999999999999,0,1,1,10805248,15279752,16855040,0.0033898305084744,0.0051226,6.169660678642715,0.9065390530072904,,0.020914103995397948,0,0,order-service,normal,0
2026-03-11 20:04:30,9281,1504,15.24999999999997,35.24999999999999,0,1,1,10878976,15577672,16855040,0.0034949152542371,0.0071947,6.170877659574468,0.9242144782806805,,0.021566694464477742,0,0,order-service,normal,0
2026-03-11 20:04:35,9299,1505,17.687499999999982,35.24999999999999,0,1,1,11276288,14969216,16855040,0.0032847457627116,0.0179399,6.178737541528239,0.888115127582017,,0.02029558195844197,0,0,order-service,normal,0
2026-03-11 20:04:40,9309,1506,17.687499999999982,35.24999999999999,0,1,1,10649600,15266088,16855040,0.0032305084745761,0.0092173,6.181274900398407,0.9057283756075334,,0.019968660949421593,0,0,order-service,normal,0
2026-03-11 20:04:45,9316,1507,17.687499999999982,35.24999999999999,0,1,1,9351168,15562000,16855040,0.0034406779661015,0.0070849,6.181818181818182,0.9232846673754557,,0.021269645608627454,0,0,order-service,normal,0
2026-03-11 20:04:50,9319,1508,13.937499999999975,22.787499999999994,0,1,1,10047488,14975808,16855040,0.0034406779661015,0.0040316,6.179708222811671,0.888506227217497,,0.021262385919164375,0,0,order-service,normal,0
2026-03-11 20:04:55,9329,1509,13.937499999999975,22.787499999999994,0,1,1,10457088,15273912,16855040,0.0035491525423727,0.0094242,6.182239893969516,0.9061925691069259,,0.02194171243723984,0,0,order-service,normal,0
2026-03-11 20:05:00,9334,1510,13.937499999999975,22.787499999999994,0,1,1,10813440,15571424,16855040,0.0035999999999998,0.0044393,6.1814569536423845,0.9238437879708384,,0.02225324503311135,0,0,order-service,normal,0
2026-03-11 20:05:05,9339,1511,13.937499999999975,22.787499999999994,0,1,1,11247616,14983928,16855040,0.0034949152542371,0.0050406,6.180675049636003,0.8889879822296476,,0.02160093551245551,0,0,order-service,normal,0
2026-03-11 20:05:10,9342,1512,13.937499999999975,22.787499999999994,0,1,1,11177984,15281048,16855040,0.0034406779661015,0.003827,6.178571428571429,0.9066159439550425,,0.021258474576269983,0,0,order-service,normal,0
2026-03-11 20:05:15,9347,1513,13.937499999999975,22.787499999999994,0,1,1,10366976,15578904,16855040,0.0034949152542371,0.0046126,6.177792465300727,0.924287572144593,,0.021590861124490532,0,0,order-service,normal,0
2026-03-11 20:05:20,9358,1514,16.149999999999984,23.23,0,1,1,10371072,14991256,16855040,0.0034440677966099,0.0108426,6.180977542932629,0.8894227483292831,,0.021287705707183253,0,0,order-service,normal,0
2026-03-11 20:05:25,9364,1515,16.149999999999984,23.23,0,1,1,10596352,15288560,16855040,0.0033355932203388,0.005848,6.18085808580858,0.9070616266707169,,0.020616828326899355,0,0,order-service,normal,0
2026-03-11 20:05:30,9368,1516,16.149999999999984,23.23,0,1,1,8818688,15585592,16855040,0.0033355932203388,0.0040905,6.179419525065963,0.9246843674058324,,0.020612029873439235,0,0,order-service,normal,0
2026-03-11 20:05:35,9377,1517,16.149999999999984,23.23,0,1,1,11841536,15000880,16855040,0.0032847457627116,0.0093614,6.181278839815425,0.8899937348116647,,0.020303929477222593,0,0,order-service,normal,0
2026-03-11 20:05:40,9383,1518,16.149999999999984,23.23,0,1,1,11857920,15296288,16855040,0.0032847457627116,0.0060885,6.181159420289855,0.9075201245443499,,0.020303537214441992,0,0,order-service,normal,0
2026-03-11 20:05:45,9394,1519,17.624999999999986,23.525,0,1,1,8470528,15593368,16855040,0.0034949152542371,0.0107781,6.184331797235023,0.9251457130923451,,0.021613715535420224,0,0,order-service,normal,0
2026-03-11 20:05:50,9404,1520,17.625,23.52500000000001,0,1,1,11866112,15029512,16855040,0.0038135076134559,0.009877,6.186842105263158,0.8916924551944106,,0.02359356947167058,0,0,order-service,normal,0
2026-03-11 20:05:55,9442,1521,20.124999999999996,35.24999999999999,0,1,1,8380416,15325696,16855040,0.0039186440677964,0.0380191,6.2077580539119,0.9092648845686513,,0.024325994272277194,0,0,order-service,normal,0
2026-03-11 20:06:00,9448,1522,20.124999999999996,35.24999999999999,0,1,1,8445952,15623736,16855040,0.0040271186440676,0.0060207,6.207621550591327,0.9269474293742406,,0.024998828481702158,0,0,order-service,normal,0
2026-03-11 20:06:05,9454,1523,20.124999999999996,35.24999999999999,0,1,1,10715136,15018336,16855040,0.0041288135593218,0.0065491,6.207485226526592,0.8910293894289186,,0.02562954917257275,0,0,order-service,normal,0
2026-03-11 20:06:10,9462,1524,20.124999999999996,35.24999999999999,0,1,1,10727424,15316304,16855040,0.0041322033898303,0.0081735,6.208661417322834,0.9087076625151883,,0.025655451754970013,0,0,order-service,normal,0
2026-03-11 20:06:15,9468,1525,20.124999999999996,35.24999999999999,0,1,1,11214848,15614536,16855040,0.0040779661016947,0.006201,6.208524590163934,0.9264015985722964,,0.025318152820226505,0,0,order-service,normal,0
2026-03-11 20:06:20,9473,1526,20.124999999999996,35.24999999999999,0,1,1,10739712,15025464,16855040,0.0040779661016947,0.0040998,6.2077326343381385,0.8914522896415553,,0.02531492325121487,0,0,order-service,normal,0
2026-03-11 20:06:25,9483,1527,20.124999999999996,35.24999999999999,0,1,1,8052736,15322648,16855040,0.0040813559322031,0.0094431,6.210216110019647,0.9090840484507898,,0.025346102360891947,0,0,order-service,normal,0
2026-03-11 20:06:30,9492,1528,20.124999999999982,35.249999999999915,0,1,1,7712768,15620344,16855040,0.0039219674242807,0.0085597,6.212041884816754,0.9267461839307412,,0.024363425910518592,0,0,order-service,normal,0
2026-03-11 20:06:35,9502,1529,20.124999999999996,35.24999999999999,0,1,1,8572928,15055680,16855040,0.0037627118644066,0.0101934,6.214519293655984,0.8932449878493317,,0.023383445477823093,0,0,order-service,normal,0
2026-03-11 20:06:40,9512,1530,20.124999999999996,35.24999999999999,0,1,1,10502144,15353864,16855040,0.0038135593220337,0.0088834,6.216993464052288,0.9109360760935602,,0.023708873379859184,0,0,order-service,normal,0
2026-03-11 20:06:45,9521,1531,20.124999999999996,35.24999999999999,0,1,1,9797632,15651928,16855040,0.0037593220338981,0.0090555,6.218811234487263,0.9286200448055894,,0.02337851409846101,0,0,order-service,normal,0
2026-03-11 20:06:50,9529,1532,20.124999999999996,35.24999999999999,0,1,1,11096064,15065192,16855040,0.0038101694915252,0.0077891,6.219973890339426,0.8938093294349939,,0.02369915475505459,0,0,order-service,normal,0
2026-03-11 20:06:55,9546,1533,20.82142857142856,35.24999999999999,0,1,1,10973184,15363304,16855040,0.0037050847457625,0.0178791,6.227005870841487,0.9114961459599028,,0.023071584463828326,0,0,order-service,normal,0
2026-03-11 20:07:00,9553,1534,20.82142857142856,35.24999999999999,0,1,1,9441280,15661248,16855040,0.0037593220338981,0.0067977,6.227509778357236,0.9291729951397327,,0.02341121472609423,0,0,order-service,normal,0
2026-03-11 20:07:05,9558,1535,20.821428571428555,35.249999999999915,0,1,1,11190272,15070080,16855040,0.0038643805804704,0.0050836,6.226710097719869,0.8940993317132442,,0.02406237758184761,0,0,order-service,normal,0
2026-03-11 20:07:10,9568,1536,20.82142857142856,35.24999999999999,0,1,1,11333632,15368032,16855040,0.0040237288135591,0.0099406,6.229166666666667,0.911776655528554,,0.025064477401128563,0,0,order-service,normal,0
2026-03-11 20:07:15,9573,1537,20.82142857142856,35.24999999999999,0,1,1,11685888,15666016,16855040,0.003972881355932,0.0047657,6.228366948601171,0.9294558778857838,,0.024744562928000674,0,0,order-service,normal,0
2026-03-11 20:07:20,9579,1538,20.82142857142856,35.24999999999999,0,1,1,11079680,15076920,16855040,0.0040271186440676,0.0058292,6.228218465539662,0.8945051450486027,,0.025081774701900872,0,0,order-service,normal,0
2026-03-11 20:07:25,9583,1539,20.82142857142856,35.24999999999999,0,1,1,11444224,15375000,16855040,0.004237288135593,0.0045995,6.226770630279402,0.9121900630315918,,0.026384621314741858,0,0,order-service,normal,0
2026-03-11 20:07:30,9588,1540,20.82142857142856,35.24999999999999,0,1,1,11448320,15672800,16855040,0.004237288135593,0.0057357,6.225974025974026,0.9298583687727825,,0.026381245872769927,0,0,order-service,normal,0
2026-03-11 20:07:35,9594,1541,20.821428571428548,35.24999999999994,0,1,1,10932224,15063856,16855040,0.004345792174862,0.005157,6.225827384815055,0.893730065309842,,0.02705615193097082,0,0,order-service,normal,0
2026-03-11 20:07:40,9599,1542,20.82142857142856,35.24999999999999,0,1,1,9543680,15361904,16855040,0.0042915254237286,0.0054677,6.225032425421531,0.9114130847509113,,0.02671488491723141,0,0,order-service,normal,0
2026-03-11 20:07:45,9606,1543,20.82142857142856,35.24999999999999,0,1,1,8675328,15659704,16855040,0.0043966101694913,0.0070825,6.225534672715489,0.929081390492102,,0.027371249052581613,0,0,order-service,normal,0
2026-03-11 20:07:50,9610,1544,20.82142857142856,35.24999999999999,0,1,1,10838016,15091560,16855040,0.0045559322033896,0.0039652,6.224093264248705,0.8953737279769137,,0.028356546939490967,0,0,order-service,normal,0
2026-03-11 20:07:55,9615,1545,20.821428571428555,35.249999999999915,0,1,1,9703424,15389616,16855040,0.0045050542030221,0.0043564,6.223300970873787,0.913057222053463,,0.028036308195506468,0,0,order-service,normal,0
2026-03-11 20:08:00,9620,1546,20.82142857142856,35.24999999999999,0,1,1,8458240,15684792,16855040,0.0044508474576269,0.0054105,6.222509702457956,0.9305698473572297,-31709.866666666665,0.027695441489243713,0,0,order-service,normal,0
2026-03-11 20:08:05,9632,1547,21.343750000000007,35.25000000000011,0,1,1,10571776,15099696,16855040,0.0046094975986549,0.012734,6.226244343891403,0.8958564322600243,-14813.866666666667,0.028699858351806072,0,0,order-service,normal,0
2026-03-11 20:08:10,9647,1548,21.749999999999996,35.249999999999915,0,1,1,4059136,15395240,16855040,0.0044982745879686,0.0142678,6.231912144702842,0.9133908907958688,-69290.66666666667,0.02803285203496969,0,0,order-service,normal,0
2026-03-11 20:08:15,9696,1549,23.41666666666665,42.62499999999997,0,1,1,8007680,15692608,16855040,0.0043932203389828,0.0430014,6.259522272433828,0.9310335662211422,-36625.066666666666,0.027499460559572128,0,0,order-service,normal,0
2026-03-11 20:08:20,9702,1550,23.41666666666665,42.62499999999997,0,1,1,10629120,15106776,16855040,0.0044474576271184,0.0071316,6.259354838709678,0.8962764846597813,-14950.4,0.02783821541825982,0,0,order-service,normal,0
2026-03-11 20:08:25,9720,1551,23.57499999999999,42.62499999999997,0,1,1,4280320,15404520,16855040,0.0043423728813557,0.0174239,6.266924564796906,0.9139414679526124,-68096.0,0.027213323279675954,0,0,order-service,normal,0
2026-03-11 20:08:30,9756,1552,25.416666666666597,45.08333333333332,0,1,1,8151040,15702120,16855040,0.0043423728813557,0.0426641,6.286082474226804,0.9315979078068044,-35874.13333333333,0.027296514066047814,0,0,order-service,normal,0
2026-03-11 20:08:35,9763,1553,25.416666666666597,45.08333333333332,0,1,1,10739712,15113480,16855040,0.0043966101694913,0.0077428,6.286542176432711,0.8966742291919806,-14643.2,0.027639475263840026,0,0,order-service,normal,0
2026-03-11 20:08:40,9780,1554,25.416666666666597,45.08333333333332,0,1,1,9142272,15410904,16855040,0.0043457627118642,0.0170858,6.293436293436294,0.9143202270656136,-28057.6,0.027349780773508286,0,0,order-service,normal,0
2026-03-11 20:08:45,9786,1555,25.416666666666657,45.08333333333333,0,1,1,9076736,15708272,16855040,0.0044474123991957,0.0058652,6.293247588424437,0.931962902490887,-65911.46666666666,0.027988667355967282,0,0,order-service,normal,0
2026-03-11 20:08:50,9800,1556,25.416666666666696,45.08333333333337,0,1,1,3997696,15123056,16855040,0.0043951947677864,0.016872,6.298200514138817,0.8972423678614824,-108919.46666666666,0.027681817946212547,0,0,order-service,normal,0
2026-03-11 20:08:55,9880,1557,33.74999999999997,70.49999999999983,0,1,1,4349952,15418048,16855040,0.0044508172825944,0.0638199,6.34553628773282,0.9147440765492102,-106052.26666666666,0.02824282257677115,0,0,order-service,normal,0
2026-03-11 20:09:00,9916,1558,37.81249999999997,70.49999999999999,0,1,1,8179712,15714592,16855040,0.0043423728813557,0.0275954,6.364569961489089,0.9323378645200486,-74205.86666666667,0.02763733600226131,0,0,order-service,normal,0
2026-03-11 20:09:05,9936,1559,37.81249999999997,70.49999999999999,0,1,1,10629120,15129408,16855040,0.0043999999999997,0.0255195,6.3733162283515075,0.8976192284325638,-55057.066666666666,0.028042591404744723,0,0,order-service,normal,0
2026-03-11 20:09:10,9947,1560,37.81249999999994,70.49999999999983,0,1,1,9932800,15426680,16855040,0.0043965356519378,0.0113484,6.376282051282051,0.9152562082320778,-60928.0,0.028033551365272625,0,0,order-service,normal,0
2026-03-11 20:09:15,9963,1561,37.81249999999994,70.49999999999999,0,1,1,3977216,15725320,16855040,0.0043442606285282,0.0160038,6.382447149263292,0.9329743506986634,-110660.26666666666,0.02772701386420657,0,0,order-service,normal,0
2026-03-11 20:09:20,10326,1562,44.06249999999996,352.49999999999915,0,1,1,10551296,15136896,16855040,0.0043965803621668,0.2878309,6.610755441741357,0.8980634872417983,-56149.333333333336,0.02906471755424736,0,0,order-service,normal,0
2026-03-11 20:09:25,10366,1563,45.24999999999996,352.49999999999994,0,1,1,8880128,15434832,16855040,0.004237288135593,0.0409442,6.6321177223288545,0.9157398617861482,-70212.26666666666,0.028102193738680125,0,0,order-service,normal,0
2026-03-11 20:09:30,10373,1564,45.24999999999996,352.49999999999994,0,1,1,8212480,15732576,16855040,0.0042881355932201,0.0066484,6.632352941176471,0.9334048450789794,-74786.13333333333,0.028440428713856842,0,0,order-service,normal,0
2026-03-11 20:09:35,10382,1565,45.24999999999996,352.4999999999991,0,1,1,4083712,15145712,16855040,0.0043422992830628,0.009317,6.6338658146964855,0.8985865355407048,-108100.26666666666,0.028806230771091366,0,0,order-service,normal,0
2026-03-11 20:09:40,10599,1566,52.49999999999957,352.49999999999955,0,1,1,4014080,15440528,16855040,0.0041317551994358,0.1985662,6.768199233716475,0.9160778022478736,-79837.86666666667,0.027964542374725444,0,0,order-service,normal,0
2026-03-11 20:09:45,10846,1567,103.74999999999936,352.49999999999994,0,1,1,8110080,15736552,16855040,0.0041864406779659,0.1946155,6.921506062539885,0.9336407389125152,-25224.533333333333,0.028976474533004563,0,0,order-service,normal,0
2026-03-11 20:09:50,10852,1568,103.75000000000033,352.5000000000014,0,1,1,10756096,15153160,16855040,0.0041863839134382,0.0064931,6.920918367346939,0.8990284211725394,4266.666666666667,0.028973621319280198,0,0,order-service,normal,0
2026-03-11 20:09:55,10861,1569,103.74999999999936,352.49999999999994,0,1,1,8523776,15451160,16855040,0.0041355932203387,0.0092681,6.922243467176545,0.916708592800729,-16930.133333333335,0.02862758315238918,0,0,order-service,normal,0
2026-03-11 20:10:00,10875,1570,103.74999999999936,352.49999999999994,0,1,1,8179712,15748720,16855040,0.004237288135593,0.0138848,6.926751592356688,0.9343626594775213,-22732.8,0.02935064234049291,0,0,order-service,normal,0
2026-03-11 20:10:05,10894,1571,103.74999999999936,352.49999999999994,0,1,1,7593984,15160360,17903616,0.0042915254237286,0.0190572,6.934436664544876,0.8467764277339281,-30890.666666666668,0.029759311245130086,0,0,order-service,normal,0
2026-03-11 20:10:10,10917,1572,103.74999999999991,352.50000000000074,0,1,1,8200192,15458208,17903616,0.0042372450449654,0.0225565,6.944656488549619,0.8634126201098147,-27374.933333333334,0.029426211295093686,0,0,order-service,normal,0
2026-03-11 20:10:15,10926,1573,103.74999999999986,352.4999999999995,0,1,1,5025792,15750248,17903616,0.0041829232328503,0.0086109,6.94596312778131,0.8797244087451385,-55091.2,0.029054430541717975,0,0,order-service,normal,0
2026-03-11 20:10:20,11195,1574,178.74999999999932,426.24999999999966,0,1,1,4050944,15163264,16855040,0.0042881355932201,0.24246,7.112452350698857,0.8996278857837181,-62566.4,0.030499160080113736,0,0,order-service,normal,0
2026-03-11 20:10:25,11815,1575,256.24999999999943,704.9999999999987,0,1,1,8155136,15454040,16855040,0.0043422256872646,0.5623581,7.501587301587302,0.9168794615735115,-29047.466666666667,0.03257358507621032,0,0,order-service,normal,0
2026-03-11 20:10:30,11847,1576,256.2499999999989,704.9999999999999,0,1,1,5492736,15749792,16855040,0.0043423728813557,0.0327225,7.5171319796954315,0.9344262606318348,-51370.666666666664,0.032642190054201124,0,0,order-service,normal,0
2026-03-11 20:10:35,12119,1577,337.4999999999995,704.9999999999999,0,1,1,9994240,15174792,16855040,0.0043966101694913,0.2860117,7.684844641724794,0.9003118355103281,-14540.8,0.03378726610276796,0,0,order-service,normal,0
2026-03-11 20:10:40,12146,1578,337.4999999999992,704.9999999999982,0,1,1,8679424,15469504,16855040,0.0042914526872423,0.0237351,7.697084917617237,0.9177969319562576,-25838.933333333334,0.03303167575364067,0,0,order-service,normal,0
2026-03-11 20:10:45,12161,1579,337.4999999999999,704.9999999999982,0,1,1,8613888,15765872,16855040,0.0039183385702129,0.0182206,7.7017099430019,0.9353802779465371,-26589.866666666665,0.030177907126256537,0,0,order-service,normal,0
2026-03-11 20:10:50,12209,1580,337.4999999999995,704.9999999999999,0,1,1,11444224,15182656,16855040,0.0038644067796608,0.0507761,7.727215189873418,0.9007784021871202,-2491.733333333333,0.02986110276764475,0,0,order-service,normal,0
2026-03-11 20:10:55,12218,1581,337.49999999999966,704.9999999999983,0,1,1,6107136,15480256,16855040,0.0038643805804704,0.0095419,7.728020240354206,0.9184348420413123,-47479.46666666667,0.029864011342306988,0,0,order-service,normal,0
2026-03-11 20:11:00,12236,1582,337.49999999999943,704.9999999999982,0,1,1,4059136,15774704,16855040,0.0038677179447195,0.0191857,7.734513274336283,0.9359042755164034,-64682.666666666664,0.029914915784821618,0,0,order-service,normal,0
2026-03-11 20:11:05,12443,1583,337.50000000000017,705.0000000000034,0,1,1,10678272,15163688,16855040,0.0039207314180371,0.2338027,7.8603916614024,0.8996530414641555,-10137.6,0.030818484544937227,0,0,order-service,normal,0
2026-03-11 20:11:10,12455,1584,337.4999999999995,704.9999999999999,0,1,1,9252864,15458136,16855040,0.0040271186440675,0.0119234,7.86300505050505,0.9171224749392467,-22323.2,0.031665254237285806,0,0,order-service,normal,0
2026-03-11 20:11:15,12468,1585,337.4999999999995,704.9999999999999,0,1,1,8204288,15755704,16855040,0.0040271186440675,0.0123806,7.866246056782335,0.9347770162515189,-31266.133333333335,0.0316783061540906,0,0,order-service,normal,0
2026-03-11 20:11:20,12478,1586,337.49999999999966,704.9999999999983,0,1,1,10788864,15199352,17117184,0.0039186175008981,0.0098964,7.867591424968474,0.8879586735762144,-10410.666666666666,0.03083008144779728,0,0,order-service,normal,0
2026-03-11 20:11:25,12493,1587,337.50000000000006,704.9999999999987,0,1,1,9457664,15495736,17117184,0.0039187104866182,0.0104301,7.872085696282293,0.9052736711832975,-21742.933333333334,0.03084842476957856,0,0,order-service,normal,0
2026-03-11 20:11:30,12501,1588,337.4999999999995,704.9999999999999,0,1,1,3649536,15793544,17117184,0.0039186440677964,0.0084503,7.8721662468513856,0.9226718600442689,-70280.53333333334,0.030848217563931236,0,0,order-service,normal,0
2026-03-11 20:11:35,12557,1589,337.4999999999995,704.9999999999999,0,1,1,10117120,15206000,17117184,0.0038644067796608,0.0482126,7.902454373820013,0.888347055216559,-16657.066666666666,0.030538298258150198,0,0,order-service,normal,0
2026-03-11 20:11:40,12577,1590,337.4999999999995,704.9999999999999,0,1,1,7892992,15503528,17117184,0.0040271186440676,0.0207317,7.910062893081761,0.9057288862467098,-33621.333333333336,0.03185476175247686,0,0,order-service,normal,0
2026-03-11 20:11:45,12587,1591,337.4999999999995,704.9999999999999,0,1,1,3645440,15801416,17117184,0.0040271186440676,0.0092797,7.911376492771842,0.92313174877363,-69461.33333333333,0.03186005177427963,0,0,order-service,normal,0
2026-03-11 20:11:50,12642,1592,337.49999999999966,704.9999999999983,0,1,1,5398528,15214688,17117184,0.004132175375082,0.0537664,7.940954773869347,0.8888546153385978,-55330.13333333333,0.03281341777122277,0,0,order-service,normal,0
2026-03-11 20:11:55,12892,1593,337.4999999999995,704.9999999999999,0,1,1,8372224,15510320,17117184,0.0040779661016947,0.240886,8.092906465787822,0.9061256804857621,-30788.266666666666,0.033002598231668595,0,0,order-service,normal,0
2026-03-11 20:12:00,12900,1594,337.499999999999,704.9999999999989,0,1,1,7761920,15808088,17117184,0.0039729082909034,0.0082229,8.09284818067754,0.9235215325137592,-36147.2,0.0321521436340363,0,0,order-service,normal,0
2026-03-11 20:12:05,12910,1595,337.4999999999995,704.9999999999999,0,1,1,10125312,15222160,17117184,0.0037593220338981,0.0105243,8.094043887147336,0.8892911357382148,-16930.133333333335,0.030428117528291207,0,0,order-service,normal,0
2026-03-11 20:12:10,12920,1596,337.4999999999995,704.9999999999999,0,1,1,4968448,15520104,17117184,0.0038677966101692,0.0094046,8.095238095238095,0.9066972698312994,-60040.53333333333,0.031310734463274474,0,0,order-service,normal,0
2026-03-11 20:12:15,13034,1597,337.4999999999995,704.9999999999999,0,1,1,7938048,15817408,17117184,0.0037593220338981,0.1026401,8.161552911709455,0.9240660145967935,-35464.53333333333,0.03068190569181455,0,0,order-service,normal,0
2026-03-11 20:12:20,13039,1598,337.4999999999995,704.9999999999999,0,1,1,10260480,15229168,17117184,0.0035491525423727,0.0047243,8.159574468085106,0.889700548875329,-16384.0,0.028959574468083626,0,0,order-service,normal,0
2026-03-11 20:12:25,13047,1599,337.4999999999995,704.9999999999999,0,1,1,10657792,15527312,17117184,0.0036542372881354,0.007846,8.159474671669793,0.9071183671332855,-13346.133333333333,0.029816656596812107,0,0,order-service,normal,0
2026-03-11 20:12:30,13057,1600,337.50000000000006,704.9999999999987,0,1,1,11010048,15824344,17117184,0.0035456425205923,0.009261,8.160625,0.9244712214345537,-10649.6,0.028934658994608536,0,0,order-service,normal,0
2026-03-11 20:12:35,13062,1601,337.4999999999997,704.9999999999997,0,1,1,10399744,15214552,17117184,0.0036539152481474,0.0045972,8.158650843222986,0.8888466701064848,-15052.8,0.02981101872036311,0,0,order-service,normal,0
2026-03-11 20:12:40,13067,1602,337.4999999999999,704.9999999999995,0,1,1,8511488,15512112,17117184,0.0037591563761595,0.0053532,8.156679151061173,0.906230370603015,-27340.8,0.030662232438998866,0,0,order-service,normal,0
2026-03-11 20:12:45,13073,1603,337.4999999999999,704.9999999999987,0,1,1,8249344,15803600,17117184,0.0038643150840486,0.0066223,8.155333749220212,0.9232593398540321,-30208.0,0.03151477922256229,0,0,order-service,normal,0
2026-03-11 20:12:50,13078,1604,337.499999999999,704.9999999999989,0,1,1,10227712,15241328,17117184,0.0039729082909034,0.0043649,8.153366583541148,0.8904109460995453,-5120.0,0.032392577698525354,0,0,order-service,normal,0
2026-03-11 20:12:55,13085,1605,337.4999999999989,704.999999999996,0,1,1,10412032,15539328,17117184,0.0040775376146911,0.0059789,8.152647975077882,0.9078203517587939,-6621.866666666667,0.033242728777715294,0,0,order-service,normal,0
2026-03-11 20:13:00,13098,1606,337.49999999999943,704.9999999999977,0,1,1,8323072,15837296,17117184,0.0039192153432532,0.0127122,8.155666251556662,0.9252278879516631,-26828.8,0.031963812307553185,0,0,order-service,normal,0
2026-03-11 20:13:05,13106,1607,337.499999999999,704.9999999999989,0,1,1,10194944,15252392,17117184,0.003816975030339,0.0085649,8.15556938394524,0.8910573141002632,-15018.666666666666,0.031129604696716204,0,0,order-service,normal,0
2026-03-11 20:13:10,13113,1608,337.4999999999995,704.9999999999999,0,1,1,11403264,15550472,17117184,0.0038677966101693,0.0057775,8.154850746268657,0.9084713934254607,-5495.466666666666,0.0315413040728545,0,0,order-service,normal,0
2026-03-11 20:13:15,13118,1609,337.4999999999999,704.9999999999987,0,1,1,9764864,15848464,17117184,0.0039185510852283,0.0051332,8.15288999378496,0.9258803317181143,-19421.866666666665,0.03194751593289301,0,0,order-service,normal,0
2026-03-11 20:13:20,13148,1610,337.4999999999995,704.9999999999999,0,1,1,10338304,15258032,17117184,0.003972881355932,0.0303773,8.166459627329193,0.891386807549653,-13960.533333333333,0.03244437519738754,0,0,order-service,normal,0
2026-03-11 20:13:25,13154,1611,337.4999999999995,704.9999999999999,0,1,1,10715136,15556000,17117184,0.0041322033898303,0.0060057,8.165114835505896,0.9087943437425221,-10342.4,0.03373991520163114,0,0,order-service,normal,0
2026-03-11 20:13:30,13159,1612,337.5000000000004,705.0000000000008,0,1,1,9687040,15853112,17117184,0.0041280719057252,0.0044272,8.163151364764268,0.9261518717097392,-19251.2,0.0336980758110657,0,0,order-service,normal,0
2026-03-11 20:13:35,13165,1613,337.4999999999995,704.9999999999999,0,1,1,10629120,15245872,17117184,0.0040745762711862,0.1547329,8.161810291382517,0.8906764103254368,-7509.333333333333,0.03325591854319053,0,0,order-service,normal,0
2026-03-11 20:13:40,13169,1614,337.49999999999955,704.9999999999989,0,1,1,10985472,15543048,17117184,0.00397297562993,0.0035777,8.159231722428748,0.9080376772254127,102.4,0.032416428792161195,0,0,order-service,normal,0
2026-03-11 20:13:45,13172,1615,337.49999999999994,705.0000000000016,0,1,1,11313152,15840296,17117184,0.0039743767994057,0.0030822,8.156037151702787,0.9254031504247427,13312.0,0.0324151648308185,0,0,order-service,normal,0
2026-03-11 20:13:50,13175,1616,337.499999999999,704.9999999999989,0,1,1,11702272,15253368,17117184,0.0039729082909034,0.0027248,8.152846534653465,0.8911143328248384,6894.933333333333,0.0323905115919878,0,0,order-service,normal,0
2026-03-11 20:13:55,13178,1617,337.4999999999995,704.9999999999999,0,1,1,11214848,15550616,17117184,0.0040271186440676,0.0034955,8.149659863945578,0.9084798060241684,3720.5333333333333,0.03281964718090466,0,0,order-service,normal,0
2026-03-11 20:14:00,13190,1618,337.4999999999995,704.9999999999999,0,1,1,9297920,15848552,17117184,0.0039694915254235,0.0114815,8.15203955500618,0.925885472750658,-3208.5333333333333,0.032359451928514193,0,0,order-service,normal,0
2026-03-11 20:14:05,13196,1619,337.50000000000006,704.9999999999987,0,1,1,13414400,15295728,17379328,0.0039729486940454,0.0060441,8.150710315009265,0.8801104392528871,21640.533333333333,0.03238235390155843,0,0,order-service,normal,0
2026-03-11 20:14:10,13201,1620,337.4999999999995,704.9999999999983,0,1,1,13717504,15593792,17379328,0.004028511553147,0.0057666,8.148765432098765,0.8972609297666745,35191.46666666667,0.03282739568709478,0,0,order-service,normal,0
2026-03-11 20:14:15,13208,1621,256.2499999999989,704.9999999999999,0,1,1,11661312,15891584,17379328,0.003972881355932,0.007284,8.148056755089451,0.9143957695027104,30651.733333333334,0.03237126276937067,0,0,order-service,normal,0
2026-03-11 20:14:20,13218,1622,256.2499999999989,704.9999999999999,0,1,1,13017088,15303112,17379328,0.0041322033898303,0.0123736,8.149198520345253,0.8805353118371435,21504.0,0.03367414575017072,0,0,order-service,normal,0
2026-03-11 20:14:25,13244,1623,256.2499999999989,704.9999999999999,0,1,1,12029952,15600960,17379328,0.0040779661016947,0.0260868,8.160197165742453,0.8976733737921282,10205.866666666667,0.033277007425042894,0,0,order-service,normal,0
2026-03-11 20:14:30,13248,1624,256.24999999999943,704.9999999999987,0,1,1,11763712,15899168,17379328,0.0040237970135085,0.0036912,8.157635467980295,0.9148321500117841,7372.8,0.032824669233350125,0,0,order-service,normal,0
2026-03-11 20:14:35,13259,1625,256.25,704.9999999999984,0,1,1,10563584,15312632,17379328,0.0041835046513518,0.0097661,8.159384615384615,0.8810830890584492,-5939.2,0.03413482349062986,0,0,order-service,normal,0
2026-03-11 20:14:40,13287,1626,256.2499999999989,704.9999999999999,0,1,1,10821632,15610712,17379328,0.0040779661016947,0.0290043,8.171586715867159,0.898234500206222,1433.6,0.03332345362436499,0,0,order-service,normal,0
2026-03-11 20:14:45,13292,1627,256.24999999999983,704.9999999999982,0,1,1,11161600,15908800,17379328,0.0040746315204272,0.0050247,8.169637369391518,0.9153863716709875,15086.933333333332,0.03328826193578263,0,0,order-service,normal,0
2026-03-11 20:14:50,13297,1628,256.2499999999989,704.9999999999999,0,1,1,11558912,15293520,17379328,0.0042881355932201,0.0051502,8.167690417690418,0.8799833917629036,12595.2,0.03502416399450103,0,0,order-service,normal,0
2026-03-11 20:14:55,13303,1629,256.2500000000007,704.9999999999989,0,1,1,10825728,15590912,17379328,0.004287731871124,0.0071621,8.16635972989564,0.8970952156493047,3072.0,0.03501516088493711,0,0,order-service,normal,0
2026-03-11 20:15:00,13313,1630,256.2499999999989,704.9999999999999,0,1,1,8785920,15887040,17379328,0.0043423728813557,0.0106023,8.167484662576687,0.9141343094508603,-16896.0,0.03546626390766162,0,0,order-service,normal,0
2026-03-11 20:15:05,13318,1631,256.24999999999983,704.9999999999983,0,1,1,10870784,15301232,17379328,0.004342417041529,0.0049765,8.165542611894542,0.8804271373438605,-3140.266666666667,0.03545819139122208,0,0,order-service,normal,0
2026-03-11 20:15:10,13325,1632,256.24999999999943,704.9999999999987,0,1,1,10772480,15598792,17379328,0.004450922896998,0.0071127,8.164828431372548,0.8975486278871082,-3379.2,0.036341021815256336,0,0,order-service,normal,0
2026-03-11 20:15:15,13345,1633,202.49999999999957,704.9999999999999,0,1,1,11116544,15896264,17379328,0.0044508474576269,0.0202211,8.172075933864054,0.9146650549434362,6246.4,0.0363726633937728,0,0,order-service,normal,0
2026-03-11 20:15:20,13348,1634,152.49999999999972,352.5000000000001,0,1,1,11272192,15307832,17379328,0.0044476083935047,0.002748,8.16891064871481,0.8808068988628329,7509.333333333333,0.03633211556701391,0,0,order-service,normal,0
2026-03-11 20:15:25,13352,1635,152.4999999999997,352.49999999999994,0,1,1,11481088,15605864,17379328,0.004501694915254,0.0043867,8.166360856269113,0.8979555481086495,7372.8,0.03676246514279597,0,0,order-service,normal,0
2026-03-11 20:15:30,13362,1636,102.49999999999956,220.49999999999991,0,1,1,11612160,15903816,17379328,0.0046067796610167,0.0095478,8.167481662591687,0.9150995941845392,23278.933333333334,0.037625788404954244,0,0,order-service,normal,0
2026-03-11 20:15:35,13367,1637,102.49999999999976,220.4999999999999,0,1,1,11558912,15316504,17379328,0.0045560094238883,0.0047917,8.165546731826511,0.8813058824829131,-2355.2,0.0372023078614019,0,0,order-service,normal,0
2026-03-11 20:15:40,13371,1638,102.49999999999994,220.50000000000009,0,1,1,11108352,15614376,17379328,0.0046105602169673,0.004592,8.163003663003662,0.8984453253888758,-6246.4,0.03763601993960303,0,0,order-service,normal,0
2026-03-11 20:15:45,13374,1639,102.49999999999956,220.49999999999991,0,1,1,11051008,15912352,17379328,0.0047186440677964,0.0032144,8.159853569249542,0.9155907524157436,21504.0,0.03850344463862663,0,0,order-service,normal,0
2026-03-11 20:15:50,13385,1640,102.49999999999942,220.50000000000009,0,1,1,11522048,15323584,17379328,0.0046102007471235,0.0101035,8.161585365853659,0.881713263021447,-2867.2,0.037626546951370764,0,0,order-service,normal,0
2026-03-11 20:15:55,13388,1641,102.49999999999989,220.4999999999999,0,1,1,11669504,15621680,17379328,0.0045560248683022,0.0035998,8.158439975624619,0.8988655948032053,27409.066666666666,0.037170055415496554,0,0,order-service,normal,0
2026-03-11 20:16:00,13394,1642,76.24999999999982,205.74999999999977,0,1,1,11247616,15919768,17379328,0.0045540552454712,0.0056684,8.157125456760049,0.9160174662679708,23347.2,0.03714799997432476,0,0,order-service,normal,0
2026-03-11 20:16:05,13399,1643,76.24999999999977,205.74999999999983,0,1,1,11632640,15331864,17379328,0.004501694915254,0.0046596,8.15520389531345,0.8821896911088852,7645.866666666667,0.036712239908392175,0,0,order-service,normal,0
2026-03-11 20:16:10,13402,1644,76.24999999999977,205.74999999999983,0,1,1,11177984,15629464,17379328,0.004501694915254,0.0031833,8.152068126520682,0.8993134832370964,3754.6666666666665,0.036698123633962354,0,0,order-service,normal,0
2026-03-11 20:16:15,13408,1645,76.2499999999997,205.75,0,1,1,11321344,15927456,17379328,0.004555963091275,0.00647,8.150759878419453,0.9164598308979496,887.4666666666667,0.03713456117192414,0,0,order-service,normal,0
2026-03-11 20:16:20,13416,1646,76.24999999999977,205.74999999999983,0,1,1,10690560,15338808,17379328,0.004766101694915,0.0078986,8.15066828675577,0.8825892462585435,-409.6,0.03884691393619662,0,0,order-service,normal,0
2026-03-11 20:16:25,13421,1647,76.24999999999977,205.74999999999983,0,1,1,10977280,15636800,17379328,0.0049254237288133,0.0046881,8.148755312689739,0.8997355939193966,24371.2,0.040136072777415474,0,0,order-service,normal,0
2026-03-11 20:16:30,13425,1648,52.49999999999955,205.74999999999983,0,1,1,10924032,15934816,17379328,0.0049254237288133,0.0042198,8.14623786407767,0.916883322531228,26760.533333333333,0.04012367327628552,0,0,order-service,normal,0
2026-03-11 20:16:35,13428,1649,52.49999999999955,205.74999999999983,0,1,1,11358208,15346944,17379328,0.0047627118644065,0.002477,8.143117040630685,0.8830573886401131,23210.666666666668,0.03878332014266251,0,0,order-service,normal,0
2026-03-11 20:16:40,13431,1650,52.49999999999955,205.74999999999983,0,1,1,10969088,15644832,17379328,0.004766101694915,0.0034274,8.14,0.9001977521800613,3891.2,0.0387960677966081,0,0,order-service,normal,0
2026-03-11 20:16:45,13436,1651,42.08333333333329,205.75000000000017,0,1,1,9891840,15942192,17379328,0.0048195711191774,0.0042714,8.13809812235009,0.9173077347984916,785.0666666666667,0.03922214267551032,0,0,order-service,normal,0
2026-03-11 20:16:50,13470,1652,37.81249999999997,161.49999999999997,0,1,1,10444800,15353360,17379328,0.0050847457627116,0.0653909,8.153753026634382,0.8834265628682536,-5427.2,0.04145976115237606,0,0,order-service,normal,0
2026-03-11 20:16:55,13473,1653,37.81249999999999,161.50000000000043,0,1,1,10813440,15650456,17379328,0.0050846940539586,0.0030769,8.150635208711433,0.900521355025925,-1331.2,0.041443486381720636,0,0,order-service,normal,0
2026-03-11 20:17:00,13484,1654,37.81250000000003,161.50000000000085,0,1,1,11321344,15948296,17379328,0.0051355235861207,0.0112679,8.15235792019347,0.9176589566639171,15667.2,0.041866626381651464,0,0,order-service,normal,0
2026-03-11 20:17:05,13487,1655,37.81249999999997,161.49999999999997,0,1,1,11042816,15361832,17379328,0.0051355932203388,0.0030268,8.149244712990937,0.8839140385635164,-1228.8,0.04185120589891807,0,0,order-service,normal,0
2026-03-11 20:17:10,13491,1656,31.56249999999996,46.31249999999999,0,1,1,11415552,15659304,17379328,0.0051389830508472,0.0032696,8.146739130434783,0.9010304656198445,682.6666666666666,0.04186595431097801,0,0,order-service,normal,0
2026-03-11 20:17:15,13495,1657,31.562499999999957,46.31249999999997,0,1,1,9969664,15957584,17379328,0.0051386695049113,0.0042604,8.144236572118286,0.9181933846924346,-14301.866666666667,0.041850540113927574,0,0,order-service,normal,0
2026-03-11 20:17:20,13513,1658,31.56249999999996,46.31249999999999,0,1,1,10895360,15368416,17379328,0.0049796610169489,0.0181533,8.150180940892641,0.8842928794485034,-1536.0,0.040585138312442995,0,0,order-service,normal,0
2026-03-11 20:17:25,13517,1659,31.562499999999964,46.3125,0,1,1,11276288,15665184,17379328,0.0050340689514897,0.0040041,8.147679324894515,0.9013687986094744,-1399.4666666666667,0.04101597951614604,0,0,order-service,normal,0
2026-03-11 20:17:30,13521,1660,31.56249999999998,46.31249999999999,0,1,1,9879552,15963160,17379328,0.0049800999410115,0.0035927,8.145180722891567,0.9185142256363422,-13073.066666666668,0.040563814037600295,0,0,order-service,normal,0
2026-03-11 20:17:35,13525,1661,31.56249999999995,46.3125,0,1,1,10366976,15398896,17379328,0.0048205514141299,0.0039016,8.142685129440096,0.8860466871906669,-4710.4,0.03925223231553696,0,0,order-service,normal,0
2026-03-11 20:17:40,13531,1662,31.562499999999968,46.31249999999999,0,1,1,10752000,15696832,17379328,0.0045560403128208,0.0049727,8.141395908543924,0.9031898126325713,10069.333333333334,0.03709252796196044,0,0,order-service,normal,0
2026-03-11 20:17:45,13549,1663,31.56249999999996,46.31249999999999,0,1,1,11063296,15994056,17379328,0.0046067796610167,0.0200614,8.147324113048708,0.9202919698621258,19899.733333333334,0.03753292701570371,0,0,order-service,normal,0
2026-03-11 20:17:50,13553,1664,31.56250000000001,46.312500000000014,0,1,1,10407936,15384192,17379328,0.0045530208259171,0.0042149,8.14483173076923,0.8852006245580957,-3584.0,0.037083588493782724,0,0,order-service,normal,0
2026-03-11 20:17:55,13574,1665,31.56249999999996,46.31249999999999,0,1,1,10801152,15681632,17379328,0.0047661016949151,0.0216748,8.152552552552553,0.902315210346453,9147.733333333334,0.03885589453860515,0,0,order-service,normal,0
2026-03-11 20:18:00,13577,1666,31.56249999999996,46.31249999999999,0,1,1,11137024,15978400,17379328,0.0047661016949151,0.0032241,8.149459783913565,0.919391129507424,22323.2,0.03884115408875289,0,0,order-service,normal,0
2026-03-11 20:18:05,13580,1667,31.56249999999996,46.31249999999999,0,1,1,11517952,15391720,17379328,0.0049288135593218,0.0029033,8.14637072585483,0.8856337828482206,7884.8,0.040151942492855454,0,0,order-service,normal,0
2026-03-11 20:18:10,13583,1668,31.562499999999968,46.31249999999999,0,1,1,10940416,15689688,17379328,0.0048238432776369,0.003183,8.143285371702637,0.9027787495580957,57344.0,0.03928193239816667,0,0,order-service,normal,0
2026-03-11 20:18:15,13588,1669,25.416666666666604,45.08333333333329,0,1,1,8228864,15987248,17379328,0.0047692005233577,0.0054672,8.141402037147992,0.9199002401013434,1843.2,0.038827978856431654,0,0,order-service,normal,0
2026-03-11 20:18:20,13596,1670,25.416666666666597,45.08333333333332,0,1,1,10076160,15399880,17379328,0.0047694915254235,0.0080827,8.141317365269462,0.8861033061807684,-4608.0,0.038829944179435874,0,0,order-service,normal,0
2026-03-11 20:18:25,13604,1671,25.41666666666668,45.083333333333336,0,1,1,7925760,15697976,17379328,0.0047158617042194,0.0075356,8.141232794733693,0.9032556379625265,30378.666666666668,0.0383929279618197,0,0,order-service,normal,0
2026-03-11 20:18:30,13613,1672,25.416666666666597,45.08333333333332,0,1,1,7741440,15994080,17379328,0.0047694915254235,0.0090491,8.141746411483254,0.9202933508131039,-3413.3333333333335,0.03883199051171657,0,0,order-service,normal,0
2026-03-11 20:18:35,13668,1673,33.74999999999995,70.49999999999999,0,1,1,10133504,15427824,17379328,0.0050338983050846,0.0557049,8.169754931261208,0.8877111934362479,-5051.733333333334,0.04112571550143235,0,0,order-service,normal,0
2026-03-11 20:18:40,13678,1674,33.74999999999995,70.49999999999999,0,1,1,8736768,15724336,17379328,0.0050881355932202,0.010686,8.17084826762246,0.9047723824534527,-3379.2,0.041574383897291456,0,0,order-service,normal,0
2026-03-11 20:18:45,13686,1675,33.74999999999995,70.49999999999999,0,1,1,8396800,16022312,17379328,0.0050847457627117,0.007639,8.170746268656716,0.9219178094803205,-5666.133333333333,0.04154616746774467,0,0,order-service,normal,0
2026-03-11 20:18:50,13692,1676,33.74999999999995,70.49999999999999,0,1,1,10645504,15415512,17379328,0.0050847457627117,0.0053289,8.16945107398568,0.8870027655844921,55398.4,0.04153958173212924,0,0,order-service,normal,0
2026-03-11 20:18:55,13700,1677,33.74999999999995,70.49999999999999,0,1,1,10915840,15713400,17379328,0.0050847457627117,0.0075784,8.169350029815146,0.9041431291244403,54715.73333333333,0.041539067948211265,0,0,order-service,normal,0
2026-03-11 20:19:00,13706,1678,33.74999999999995,70.49999999999999,0,1,1,9641984,16011328,17379328,0.0050847457627117,0.0055583,8.168057210965435,0.9212857942493519,12185.6,0.04153249429304324,0,0,order-service,normal,0
2026-03-11 20:19:05,13719,1679,33.74999999999995,70.49999999999999,0,1,1,10784768,15423232,17379328,0.0051898305084744,0.0141993,8.170935080405004,0.8874469714824417,1297.0666666666666,0.04240576816304961,0,0,order-service,normal,0
2026-03-11 20:19:10,13722,1680,33.7499999999999,70.49999999999989,0,1,1,11149312,15721232,17379328,0.005244103349853,0.0037109,8.167857142857143,0.9045937794602875,10137.6,0.04283308700397789,0,0,order-service,normal,0
2026-03-11 20:19:15,13726,1681,33.74999999999995,70.49999999999999,0,1,1,11513856,16019312,17379328,0.0051898305084744,0.0048338,8.16537775133849,0.9217451906080604,62805.333333333336,0.04237692656711459,0,0,order-service,normal,0
2026-03-11 20:19:20,13730,1682,25.62499999999989,70.49999999999999,0,1,1,11722752,15430408,17379328,0.0051932203389829,0.0034871,8.162901307966706,0.887859875824888,9762.133333333333,0.04239174509764282,0,0,order-service,normal,0
2026-03-11 20:19:25,13733,1683,25.624999999999982,70.49999999999999,0,1,1,11268096,15727352,17379328,0.0052438011626526,0.0033308,8.159833630421867,0.9049459219596984,19899.733333333334,0.04278854507825797,0,0,order-service,normal,0
2026-03-11 20:19:30,13741,1684,25.62499999999989,70.49999999999999,0,1,1,9441280,16025272,17379328,0.0050847457627117,0.0088428,8.159738717339668,0.9220881267676172,10240.0,0.04149019686782748,0,0,order-service,normal,0
2026-03-11 20:19:35,13745,1685,22.96428571428569,70.49999999999999,0,1,1,10158080,15437912,17379328,0.0051389830508473,0.0040927,8.15727002967359,0.8882916531640349,50619.73333333333,0.041920072423677235,0,0,order-service,normal,0
2026-03-11 20:19:40,13751,1686,22.96428571428569,70.49999999999999,0,1,1,9138176,15735120,17379328,0.0051898305084744,0.0074141,8.155990510083036,0.9053928897596041,42700.8,0.04232820837605662,0,0,order-service,normal,0
2026-03-11 20:19:45,13757,1687,22.96428571428569,70.49999999999999,0,1,1,8818688,16032112,17379328,0.0049762711864405,0.0054081,8.154712507409602,0.9224816977963705,5905.066666666667,0.04058006088432837,0,0,order-service,normal,0
2026-03-11 20:19:50,13762,1688,22.96428571428572,70.50000000000026,0,1,1,10280960,15445904,17379328,0.0048755000186604,0.0042059,8.152843601895734,0.888751509839736,-3959.4666666666667,0.03974918913317797,0,0,order-service,normal,0
2026-03-11 20:19:55,13767,1689,22.96428571428569,70.49999999999999,0,1,1,10620928,15743600,17379328,0.0047661016949151,0.0049173,8.150976909413854,0.9058808257718596,17476.266666666666,0.038848384863171215,0,0,order-service,normal,0
2026-03-11 20:20:00,13771,1690,22.96428571428569,70.49999999999999,0,1,1,10977280,16040496,17379328,0.0047661016949151,0.0042601,8.148520710059172,0.9229641100047137,23313.066666666666,0.038836678367263816,0,0,order-service,normal,0
2026-03-11 20:20:05,13781,1691,22.96428571428572,70.49999999999983,0,1,1,10579968,15453168,17379328,0.0045526041031063,0.0126955,8.149615612063867,0.889169477669102,24883.2,0.037101973474221124,0,0,order-service,normal,0
2026-03-11 20:20:10,13785,1692,22.62499999999998,70.49999999999999,0,1,1,9879552,15750760,17379328,0.0044474576271185,0.00453,8.147163120567376,0.9062928094803205,13994.666666666666,0.03623416275994593,0,0,order-service,normal,0
2026-03-11 20:20:15,13798,1693,22.96428571428569,70.49999999999999,0,1,1,8675328,16048480,17379328,0.0043966101694913,0.0134554,8.150029533372711,0.9234235063634221,30412.8,0.035832502728080896,0,0,order-service,normal,0
2026-03-11 20:20:20,13805,1694,22.96428571428569,70.49999999999999,0,1,1,10194944,15460072,17379328,0.0045016949152541,0.0068865,8.14935064935065,0.8895667312337968,51200.0,0.03668589038080451,0,0,order-service,normal,0
2026-03-11 20:20:25,13818,1695,23.218749999999982,70.49999999999999,0,1,1,8683520,15757712,17379328,0.0043423728813558,0.0116131,8.152212389380532,0.9066928249469715,4403.2,0.03539994600269879,0,0,order-service,normal,0
2026-03-11 20:20:30,13824,1696,23.21874999999998,70.49999999999986,0,1,1,8335360,16051936,17379328,0.0042878448918716,0.0052702,8.150943396226415,0.9236223633042658,23688.533333333333,0.034949981005443984,0,0,order-service,normal,0
2026-03-11 20:20:35,13831,1697,23.21874999999998,70.49999999999989,0,1,1,10727424,15489528,17379328,0.0043424023213715,0.0067308,8.150265173836182,0.8912616184008956,6109.866666666667,0.03539173041065953,0,0,order-service,normal,0
2026-03-11 20:20:40,13839,1698,23.218749999999982,70.49999999999999,0,1,1,10870784,15786792,17379328,0.0042372881355931,0.0075669,8.150176678445229,0.9083660772154136,18261.333333333332,0.03453464694256355,0,0,order-service,normal,0
2026-03-11 20:20:45,13844,1699,22.96428571428569,70.49999999999999,0,1,1,11198464,16084544,17379328,0.0042881355932202,0.0052773,8.14832254267216,0.9254986153664859,21538.133333333335,0.03494111192027101,0,0,order-service,normal,0
2026-03-11 20:20:50,13849,1700,22.9642857142857,70.49999999999983,0,1,1,11079680,15474760,17379328,0.0043423434417392,0.0061336,8.146470588235294,0.8904118732323828,-3037.866666666667,0.035374773132144814,0,0,order-service,normal,0
2026-03-11 20:20:55,13853,1701,22.96428571428569,70.49999999999999,0,1,1,11317248,15772784,17379328,0.0042372881355931,0.0045005,8.1440329218107,0.9075600621612067,43417.6,0.03450861407546808,0,0,order-service,normal,0
2026-03-11 20:21:00,13858,1702,22.96428571428569,70.49999999999999,0,1,1,11649024,16070304,17379328,0.0042372881355931,0.0050896,8.142185663924794,0.9246792511194909,63249.066666666666,0.03450078671154475,0,0,order-service,normal,0
2026-03-11 20:21:05,13863,1703,22.96428571428569,70.49999999999999,0,1,1,11886592,15483800,17379328,0.0042372881355931,0.0047241,8.14034057545508,0.8909320314341268,10069.333333333334,0.03449296854006292,0,0,order-service,normal,0
2026-03-11 20:21:10,13867,1704,22.96428571428569,70.49999999999999,0,1,1,10289152,15780800,17379328,0.0042915254237286,0.004817,8.137910798122066,0.9080212997878859,8635.733333333334,0.03492405108617635,0,0,order-service,normal,0
2026-03-11 20:21:15,13871,1705,22.96428571428569,70.49999999999999,0,1,1,8880128,16078536,17379328,0.0040813559322032,0.0043327,8.135483870967741,0.9251529173049728,5632.0,0.03320380535811764,0,0,order-service,normal,0
2026-03-11 20:21:20,13876,1706,22.96428571428569,70.49999999999999,0,1,1,10489856,15509776,17379328,0.0039762711864405,0.0049334,8.133645955451348,0.8924266807094037,-2491.733333333333,0.032341582053369504,0,0,order-service,normal,0
2026-03-11 20:21:25,13880,1707,22.96428571428569,70.49999999999999,0,1,1,10121216,15806088,17379328,0.0039220338983049,0.0037767,8.131224370240188,0.9094763618017911,5529.6,0.03189093761480493,0,0,order-service,normal,0
2026-03-11 20:21:30,13887,1708,22.96428571428569,70.49999999999999,0,1,1,9478144,16103088,17379328,0.0039762711864405,0.0061627,8.130562060889929,0.9265656301555503,48571.73333333333,0.03232931965228292,0,0,order-service,normal,0
2026-03-11 20:21:35,13893,1709,22.96428571428569,70.49999999999999,0,1,1,10465280,15499432,17379328,0.0039762711864405,0.0058415,8.129315389116442,0.8918314908378506,2901.3333333333335,0.032324362547231054,0,0,order-service,normal,0
2026-03-11 20:21:40,13900,1710,22.96428571428572,70.50000000000023,0,1,1,10764288,15797192,17379328,0.0040243426963433,0.0063205,8.128654970760234,0.9089644893059157,23927.466666666667,0.03271249326267361,0,0,order-service,normal,0
2026-03-11 20:21:45,13904,1711,20.82142857142856,70.49999999999999,0,1,1,9375744,16094504,17379328,0.0037593220338981,0.0043158,8.126241963763881,0.9260717100223899,47752.53333333333,0.030549160467164924,0,0,order-service,normal,0
2026-03-11 20:21:50,13909,1712,20.82142857142856,70.49999999999983,0,1,1,10231808,15527704,17379328,0.0039186839188193,0.0050532,8.124415887850468,0.8934582510900306,40277.333333333336,0.031837017889519655,0,0,order-service,normal,0
2026-03-11 20:21:55,13918,1713,20.125,70.49999999999983,0,1,1,10637312,15825528,17379328,0.0038678490555802,0.008427,8.124927028604787,0.9105949320940372,18875.733333333334,0.03142599133424707,0,0,order-service,normal,0
2026-03-11 20:22:00,13924,1714,20.124999999999996,70.49999999999999,0,1,1,10981376,16123064,17379328,0.0038677966101693,0.0054563,8.123687281213536,0.9277150416863068,26828.8,0.03142077012835317,0,0,order-service,normal,0
2026-03-11 20:22:05,13928,1715,20.124999999999996,70.49999999999999,0,1,1,11386880,15514368,17379328,0.0037627118644066,0.0042576,8.12128279883382,0.8926909026632099,10513.066666666668,0.03055804714137325,0,0,order-service,normal,0
2026-03-11 20:22:10,13936,1716,20.12499999999998,70.49999999999986,0,1,1,11038720,15812096,17379328,0.0037629414676148,0.0081074,8.121212121212121,0.9098220598633042,50585.6,0.03055964585820504,0,0,order-service,normal,0
2026-03-11 20:22:15,13941,1717,19.149999999999988,70.49999999999999,0,1,1,8400896,16108728,17379328,0.0037627118644066,0.0052992,8.119394292370414,0.9268901536353995,3857.0666666666666,0.030550941235697387,0,0,order-service,normal,0
2026-03-11 20:22:20,13949,1718,19.149999999999988,70.49999999999999,0,1,1,10149888,15541896,17379328,0.0037627118644066,0.0079828,8.119324796274737,0.8942748534350695,-921.6,0.030550679741913653,0,0,order-service,normal,0
2026-03-11 20:22:25,13958,1719,19.149999999999984,70.49999999999983,0,1,1,8536064,15839712,17379328,0.0038135334675695,0.0085786,8.119837114601513,0.9114110741220834,-17681.066666666666,0.03096527058774583,0,0,order-service,normal,0
2026-03-11 20:22:30,13978,1720,20.124999999999996,70.49999999999999,0,1,1,7970816,16137352,17379328,0.003972881355932,0.0206472,8.126744186046512,0.9285371678352581,-25326.933333333334,0.032286590461172965,0,0,order-service,normal,0
2026-03-11 20:22:35,13983,1721,20.124999999999996,70.49999999999999,0,1,1,10211328,15549664,17379328,0.003972881355932,0.0056893,8.124927367809413,0.8947218212349752,-1570.1333333333334,0.03227937245787168,0,0,order-service,normal,0
2026-03-11 20:22:40,13996,1722,20.124999999999996,70.49999999999999,0,1,1,10506240,15846984,17379328,0.0039186440677964,0.0128454,8.127758420441348,0.9118295022684422,16622.933333333334,0.03184979231874473,0,0,order-service,normal,0
2026-03-11 20:22:45,14005,1723,20.124999999999996,70.49999999999999,0,1,1,10854400,16145016,17379328,0.0039220338983049,0.0080045,8.128264654672083,0.9289781515142588,21708.8,0.031879329510017484,0,0,order-service,normal,0
2026-03-11 20:22:50,14012,1724,19.149999999999988,70.49999999999999,0,1,1,10739712,15557872,17379328,0.003708474576271,0.0070525,8.127610208816705,0.8951941064694792,4266.666666666667,0.030141035825237382,0,0,order-service,normal,0
2026-03-11 20:22:55,14017,1725,19.149999999999988,70.49999999999999,0,1,1,10919936,15855720,17379328,0.0037627118644066,0.0048127,8.125797101449276,0.9123321684244639,4232.533333333334,0.03057503316138395,0,0,order-service,normal,0
2026-03-11 20:23:00,14022,1726,19.149999999999988,70.49999999999999,0,1,1,11255808,16153640,17379328,0.0035999999999998,0.0053841,8.123986095017381,0.9294743732323828,24439.466666666667,0.029246349942060948,0,0,order-service,normal,0
2026-03-11 20:23:05,14026,1727,19.149999999999988,70.49999999999999,0,1,1,11632640,15544288,17379328,0.0036542372881354,0.0045147,8.121598147075854,0.894412488215885,11980.8,0.029678246788295958,0,0,order-service,normal,0
2026-03-11 20:23:10,14033,1728,19.149999999999974,70.49999999999986,0,1,1,11714560,15842152,17379328,0.0037053108325251,0.0074224,8.120949074074074,0.9115514708048551,2594.133333333333,0.03009064057455135,0,0,order-service,normal,0
2026-03-11 20:23:15,14039,1729,19.149999999999988,70.49999999999999,0,1,1,11743232,16139992,17379328,0.0037050847457625,0.0064027,8.119722382880278,0.928689072442847,16486.4,0.030084259540636055,0,1,order-service,normal,0
2026-03-11 20:23:20,14042,1730,19.15,70.50000000000018,0,1,1,11563008,15551584,17379328,0.0037052731494819,0.0036793,8.116763005780347,0.8948322973132218,10205.866666666667,0.030074824026025924,0,0,order-service,normal,0
2026-03-11 20:23:25,14047,1731,19.149999999999988,70.49999999999999,0,1,1,11644928,15849664,17379328,0.0036508474576269,0.0054472,8.114962449451184,0.9119837084609945,7748.266666666666,0.029626490027316616,0,0,order-service,normal,0
2026-03-11 20:23:30,14056,1732,16.149999999999984,23.23,0,1,1,11694080,16147208,17379328,0.003494915254237,0.007876,8.115473441108545,0.9291042783702569,16725.333333333332,0.02836289192468549,0,0,order-service,normal,0
2026-03-11 20:23:35,14060,1733,16.149999999999984,23.23,0,1,1,11743232,15559520,17379328,0.0035457627118642,0.0037387,8.113098672821696,0.895288931769974,9284.266666666666,0.0287671227517661,0,0,order-service,normal,0
2026-03-11 20:23:40,14064,1734,16.149999999999984,23.23,0,1,1,11784192,15857448,17379328,0.003494915254237,0.0034,8.110726643598616,0.9124315968948857,6656.0,0.028346302269659264,0,0,order-service,normal,0
2026-03-11 20:23:45,14069,1735,16.149999999999984,23.23,0,1,1,11837440,16155248,17379328,0.0035999999999997,0.004856,8.108933717579252,0.9295668969479142,4369.066666666667,0.029192161383282872,0,1,order-service,normal,0
2026-03-11 20:23:50,14074,1736,16.149999999999984,23.23,0,1,1,11968512,15587432,17379328,0.0035491525423726,0.0055786,8.107142857142858,0.896894977757483,2218.6666666666665,0.028773486682806437,0,1,order-service,normal,0
2026-03-11 20:23:55,14079,1737,16.149999999999984,23.23,0,1,1,12005376,15885208,17379328,0.003494915254237,0.0049186,8.105354058721934,0.9140288968595334,6587.733333333334,0.028327525540819066,0,1,order-service,normal,0
2026-03-11 20:24:00,14084,1738,13.937499999999975,22.787499999999994,0,1,1,12025856,16182792,17379328,0.0033355932203387,0.0050457,8.103567318757193,0.9311517683537591,22732.8,0.02703020420900475,0,1,order-service,normal,0
2026-03-11 20:24:05,14090,1739,13.937499999999975,22.787499999999994,0,1,1,12070912,15573984,17379328,0.0032847457627116,0.0057575,8.102357676825761,0.8961211848927646,-11195.733333333334,0.02661418504692722,0,1,order-service,normal,0
2026-03-11 20:24:10,14101,1740,16.149999999999984,23.23,0,1,1,12234752,15871960,17379328,0.003230508474576,0.0113889,8.104022988505747,0.9132666119196323,-12356.266666666666,0.026180114942526537,0,1,order-service,normal,0
2026-03-11 20:24:15,14106,1741,16.149999999999984,23.23,0,1,1,12095488,16168704,17379328,0.0031762711864405,0.0041727,8.102240091901207,0.9303411501296253,3618.133333333333,0.02573491174952883,0,0,order-service,normal,0
2026-03-11 20:24:20,14108,1742,16.14999999999999,23.230000000000008,0,1,1,12140544,15580864,17379328,0.003071342610641,0.0020911,8.098737083811711,0.8965170575064813,-7304.533333333334,0.02487399629788934,0,0,order-service,normal,0
2026-03-11 20:24:25,14112,1743,16.149999999999984,23.23,0,1,1,12181504,15878096,17379328,0.0030711864406777,0.003511,8.096385542168674,0.9136196750530285,1262.9333333333334,0.024865509495607403,0,0,order-service,normal,0
2026-03-11 20:24:30,14142,1744,19.14999999999999,35.25000000000008,0,1,1,12214272,16175152,17379328,0.0030711552085909,0.0306904,8.10894495412844,0.9307121656257366,3754.6666666666665,0.024903828532048453,0,0,order-service,normal,0
2026-03-11 20:24:35,14146,1745,19.149999999999988,35.24999999999999,0,1,1,12279808,15609632,17379328,0.0029152542372879,0.0037255,8.106590257879656,0.8981723574122084,14301.866666666667,0.02363277159924048,0,0,order-service,normal,0
2026-03-11 20:24:40,14149,1746,19.149999999999988,35.24999999999999,0,1,1,12292096,15907000,17379328,0.0029152542372879,0.0024423,8.103665521191294,0.9152828003476314,12253.866666666667,0.02362424524821678,0,1,order-service,normal,0
2026-03-11 20:24:45,14152,1747,19.149999999999988,35.24999999999999,0,1,1,12308480,16203896,17379328,0.0030745762711862,0.0031502,8.100744132799084,0.9323660845804855,9557.333333333334,0.024906355689654897,0,1,order-service,normal,0
2026-03-11 20:24:50,14154,1748,19.149999999999988,35.24999999999999,0,1,1,12382208,15595824,17379328,0.0032338983050845,0.0028267,8.097254004576659,0.8973778502828188,6860.8,0.026185696001239135,0,1,order-service,normal,0
2026-03-11 20:24:55,14159,1749,19.149999999999988,35.24999999999999,0,1,1,12410880,15893104,17379328,0.0032338983050845,0.0043363,8.095483133218982,0.9144832297313221,13209.6,0.026179969183357025,0,1,order-service,normal,0
2026-03-11 20:25:00,14201,1750,22.14999999999997,42.62499999999997,0,1,1,12492800,16189928,17379328,0.0032881355932201,0.0424923,8.114857142857144,0.9315623711112421,30890.666666666668,0.02668275060532494,0,1,order-service,normal,0
2026-03-11 20:25:05,14216,1751,22.624999999999982,42.62499999999999,0,1,1,14012416,15626664,17379328,0.0033389151407088,0.015349,8.118789263278126,0.8991523722896535,26180.266666666666,0.02710794839538338,0,1,order-service,normal,0
2026-03-11 20:25:10,14220,1752,22.14999999999997,42.62499999999997,0,1,1,13717504,15924376,17379328,0.0033898305084743,0.0037578,8.116438356164384,0.9162826088557624,24541.866666666665,0.027513350359877023,0,0,order-service,normal,0
2026-03-11 20:25:15,14222,1753,22.14999999999997,42.62499999999997,0,1,1,12959744,16220600,17379328,0.003230508474576,0.0022783,8.112949229891614,0.9333272264612302,15360.0,0.02620895124096969,0,0,order-service,normal,0
2026-03-11 20:25:20,14226,1754,21.437499999999964,42.62499999999997,0,1,1,10870784,15634144,18427904,0.0033389830508472,0.0041591,8.11060433295325,0.8483951294732163,-3345.0666666666666,0.02708117039985876,0,0,order-service,normal,0
2026-03-11 20:25:25,14233,1755,21.43749999999996,42.625,0,1,1,11268096,15932200,18427904,0.0033900603430739,0.0073908,8.10997150997151,0.8645692966492554,-1774.9333333333334,0.027493292799413573,0,0,order-service,normal,0
2026-03-11 20:25:30,14237,1756,21.437499999999964,42.62499999999997,0,1,1,11620352,16230144,18427904,0.0033355932203387,0.0043079,8.107630979498861,0.8807373860857969,68.26666666666667,0.027043758928224415,0,0,order-service,normal,0
2026-03-11 20:25:35,14243,1757,21.437499999999964,42.62499999999997,0,1,1,11452416,15641576,17379328,0.0033864406779659,0.0060615,8.10643141718839,0.9000104031640349,-887.4666666666667,0.02745194910430752,0,0,order-service,normal,0
2026-03-11 20:25:40,14247,1758,21.43749999999998,42.62500000000001,0,1,1,10506240,15939448,17379328,0.0033897960359723,0.0043021,8.104095563139932,0.9171498460699976,-5017.6,0.027471231015072445,0,0,order-service,normal,0
2026-03-11 20:25:45,14256,1759,21.43749999999997,42.625,0,1,1,7905280,16236520,17379328,0.003284656687276,0.0077927,8.104604889141557,0.934243257276691,-26214.4,0.02662084464684858,0,0,order-service,normal,0
2026-03-11 20:25:50,14271,1760,22.14999999999997,42.62499999999997,0,1,1,10121216,15647032,17379328,0.0033355932203387,0.0145371,8.108522727272728,0.9003243393530521,-11673.6,0.027046733436053176,0,0,order-service,normal,0
2026-03-11 20:25:55,14279,1761,22.14999999999997,42.62499999999997,0,1,1,7704576,15943288,17379328,0.0032813559322032,0.0082857,8.108461101646792,0.9173707982264907,-33041.066666666666,0.0266067469369276,0,0,order-service,normal,0
2026-03-11 20:26:00,14286,1762,22.14999999999997,42.62499999999997,0,1,1,8081408,16240752,17379328,0.0032813559322032,0.006611,8.10783200908059,0.9344867649658261,-26385.066666666666,0.026604682660303587,0,0,order-service,normal,0
2026-03-11 20:26:05,14292,1763,22.14999999999997,42.62499999999997,0,1,1,10473472,15635456,17379328,0.0033355932203388,0.005564,8.106636415201361,0.8996582606646241,-9659.733333333334,0.027040441466297294,0,0,order-service,normal,0
2026-03-11 20:26:10,14299,1764,22.14999999999997,42.62499999999997,0,1,1,10874880,15933072,17379328,0.0036542372881354,0.0067334,8.106009070294785,0.9167829734268207,-2525.866666666667,0.02962128060263497,0,0,order-service,normal,0
2026-03-11 20:26:15,14308,1765,22.14999999999997,42.62499999999997,0,1,1,11014144,16230960,17379328,0.0035491525423727,0.0091556,8.106515580736543,0.9339233369667688,-2560.0,0.028771260383155008,0,0,order-service,normal,0
2026-03-11 20:26:20,14313,1766,22.14999999999997,42.62499999999997,0,1,1,11399168,15642928,17379328,0.0034983050847456,0.0042968,8.10475651189128,0.9000881967358001,5905.066666666667,0.028352910916174277,0,1,order-service,normal,0
2026-03-11 20:26:25,14322,1767,22.14999999999997,42.62499999999997,0,1,1,10960896,15940648,17379328,0.0034949152542371,0.0084706,8.105263157894736,0.9172188936189017,-136.53333333333333,0.028327207850132284,0,0,order-service,normal,0
2026-03-11 20:26:30,14328,1768,22.14999999999997,42.62499999999997,0,1,1,9179136,16237920,17379328,0.0034406779661015,0.0061993,8.104072398190045,0.9343238127504124,-14540.8,0.02788350333614383,0,0,order-service,normal,0
2026-03-11 20:26:35,14331,1769,22.15000000000001,42.62499999999999,0,1,1,10285056,15650056,17379328,0.0032847903022412,0.0037009,8.101187111362352,0.9004983391762904,-8942.933333333332,0.026610700860044453,0,0,order-service,normal,0
2026-03-11 20:26:40,14335,1770,22.14999999999997,42.62499999999997,0,1,1,10678272,15948376,17379328,0.0033389830508473,0.0037984,8.098870056497175,0.917663559833844,-2423.4666666666667,0.027041989849658783,0,0,order-service,normal,0
2026-03-11 20:26:45,14342,1771,22.14999999999997,42.62499999999997,0,1,1,11038720,16246312,17379328,0.0033898305084744,0.0069917,8.098249576510446,0.9348066852757483,9557.333333333334,0.027451693479694998,0,0,order-service,normal,0
2026-03-11 20:26:50,14347,1772,22.14999999999997,42.62499999999997,0,1,1,11304960,15657880,17379328,0.0034949152542371,0.0042534,8.096501128668171,0.9009485291951449,7168.0,0.028296585300530287,0,0,order-service,normal,0
2026-03-11 20:26:55,14350,1773,22.14999999999997,42.62499999999997,0,1,1,11505664,15956120,17379328,0.0034406779661015,0.003531,8.093626621545404,0.9181091466827717,5768.533333333334,0.027847562782603797,0,1,order-service,normal,0
2026-03-11 20:27:00,14355,1774,22.14999999999997,42.62499999999997,0,1,1,10956800,16254016,17379328,0.0034406779661015,0.0050066,8.091882750845548,0.9352499705397125,-3037.866666666667,0.02784156268511107,0,0,order-service,normal,0
2026-03-11 20:27:05,14362,1775,22.14999999999997,42.62499999999997,0,1,1,10620928,15686760,17641472,0.0035999999999998,0.0062766,8.091267605633803,0.8891979082017646,-3515.733333333333,0.02912856338028007,0,0,order-service,normal,0
2026-03-11 20:27:10,14368,1776,22.14999999999997,42.62499999999997,0,1,1,11005952,15985032,17641472,0.0038135593220337,0.0058395,8.09009009009009,0.9061053408695148,-3413.3333333333335,0.03085203847915552,0,0,order-service,normal,0
2026-03-11 20:27:15,14373,1777,22.14999999999997,42.62499999999997,0,1,1,11108352,16282960,17641472,0.0039694915254235,0.0043596,8.088351153629713,0.9229932740306478,9489.066666666668,0.032106641358982536,0,0,order-service,normal,0
2026-03-11 20:27:20,14383,1778,22.149999999999963,42.625,0,1,1,10563584,15671688,17641472,0.0040237560932614,0.0098476,8.089426321709785,0.8883435577257952,-2764.8,0.0325498784529689,0,0,order-service,normal,0
2026-03-11 20:27:25,14390,1779,21.437499999999964,42.62499999999997,0,1,1,10514432,15969408,17641472,0.003972881355932,0.0066503,8.088813940415964,0.9052197004875784,-6348.8,0.03213589809548144,0,0,order-service,normal,0
2026-03-11 20:27:30,14397,1780,21.437499999999964,42.62499999999997,0,1,1,10887168,16267248,17641472,0.003972881355932,0.006624,8.088202247191012,0.9221026454028326,8396.8,0.032133467910872474,0,0,order-service,normal,0
2026-03-11 20:27:35,14401,1781,20.24999999999996,42.62499999999997,0,1,1,11268096,15679704,17641472,0.0039186440677964,0.0038503,8.08590679393599,0.8887979415776642,7509.333333333333,0.03168579069081188,0,0,order-service,normal,0
2026-03-11 20:27:40,14406,1782,20.24999999999996,42.62499999999997,0,1,1,11476992,15976744,17641472,0.0038644067796608,0.0051888,8.084175084175085,0.9056355388031112,6041.6,0.031240541003251115,0,0,order-service,normal,0
2026-03-11 20:27:45,14410,1783,20.24999999999996,42.62499999999997,0,1,1,11784192,16274816,17641472,0.0041830508474574,0.0043289,8.081884464385867,0.9225316345484096,6007.466666666666,0.033806933657802095,0,0,order-service,normal,0
2026-03-11 20:27:50,14416,1784,20.24999999999996,42.62499999999997,0,1,1,11800576,15688512,17641472,0.0043966101694913,0.0063079,8.080717488789238,0.8892972196424426,11605.333333333334,0.03552776468799696,0,1,order-service,normal,0
2026-03-11 20:27:55,14426,1785,20.24999999999996,42.62499999999997,0,1,1,11866112,15986352,17641472,0.0043966101694913,0.0096914,8.081792717086834,0.9061801645576968,8874.666666666666,0.0355324920476647,0,1,order-service,normal,0
2026-03-11 20:28:00,14429,1786,20.24999999999996,42.62499999999997,0,1,1,11632640,16282776,17641472,0.0043966101694913,0.0034965,8.078947368421053,0.9229828440619922,4130.133333333333,0.03551998215878498,0,0,order-service,normal,0
